{
  "hybrid": {
    "precision": {
      "1": 1.0,
      "3": 1.0,
      "5": 1.0,
      "10": 0.9996
    },
    "recall": {
      "1": 0.025630758302151967,
      "3": 0.07689227490645589,
      "5": 0.12815379151075984,
      "10": 0.2562153242728452
    },
    "f1": {
      "1": 0.04994870820668693,
      "3": 0.14255780742919177,
      "5": 0.22659884801189148,
      "10": 0.4061745234679237
    },
    "ndcg": {
      "1": 1.0,
      "3": 1.0,
      "5": 1.0,
      "10": 0.9997207637088925
    },
    "hit_rate": {
      "1": 1.0,
      "3": 1.0,
      "5": 1.0,
      "10": 1.0
    },
    "MAP": 0.9948957933662897,
    "label": "Hybrid Score",
    "color": "#1565C0"
  },
  "tfidf": {
    "precision": {
      "1": 1.0,
      "3": 0.9966666666666667,
      "5": 0.9947999999999999,
      "10": 0.9894
    },
    "recall": {
      "1": 0.025630758302151967,
      "3": 0.0766285875863529,
      "5": 0.12746220469288935,
      "10": 0.25342653124352427
    },
    "f1": {
      "1": 0.04994870820668693,
      "3": 0.14206947621153723,
      "5": 0.225380038035281,
      "10": 0.4018021151635665
    },
    "ndcg": {
      "1": 1.0,
      "3": 0.9975307212739771,
      "5": 0.9960566523199175,
      "10": 0.9918418474367506
    },
    "hit_rate": {
      "1": 1.0,
      "3": 1.0,
      "5": 1.0,
      "10": 1.0
    },
    "MAP": 0.903013975446798,
    "label": "TF-IDF Cosine",
    "color": "#2196F3"
  },
  "w2v": {
    "precision": {
      "1": 1.0,
      "3": 1.0,
      "5": 1.0,
      "10": 1.0
    },
    "recall": {
      "1": 0.025630758302151967,
      "3": 0.07689227490645589,
      "5": 0.12815379151075984,
      "10": 0.2563075830215197
    },
    "f1": {
      "1": 0.04994870820668693,
      "3": 0.14255780742919177,
      "5": 0.22659884801189148,
      "10": 0.40632438341190136
    },
    "ndcg": {
      "1": 1.0,
      "3": 1.0,
      "5": 1.0,
      "10": 1.0
    },
    "hit_rate": {
      "1": 1.0,
      "3": 1.0,
      "5": 1.0,
      "10": 1.0
    },
    "MAP": 1.0,
    "label": "Word2Vec Cosine",
    "color": "#9C27B0"
  },
  "euclidean": {
    "precision": {
      "1": 1.0,
      "3": 0.9966666666666667,
      "5": 0.9947999999999999,
      "10": 0.9894
    },
    "recall": {
      "1": 0.025630758302151967,
      "3": 0.0766285875863529,
      "5": 0.12746220469288935,
      "10": 0.25342653124352427
    },
    "f1": {
      "1": 0.04994870820668693,
      "3": 0.14206947621153723,
      "5": 0.225380038035281,
      "10": 0.4018021151635665
    },
    "ndcg": {
      "1": 1.0,
      "3": 0.9975307212739771,
      "5": 0.9960566523199175,
      "10": 0.9918418474367506
    },
    "hit_rate": {
      "1": 1.0,
      "3": 1.0,
      "5": 1.0,
      "10": 1.0
    },
    "MAP": 0.903013975446798,
    "label": "Euclidean Sim",
    "color": "#4CAF50"
  },
  "pearson": {
    "precision": {
      "1": 1.0,
      "3": 0.9966666666666667,
      "5": 0.9943999999999998,
      "10": 0.9897999999999999
    },
    "recall": {
      "1": 0.025630758302151967,
      "3": 0.0766285875863529,
      "5": 0.12741342420508447,
      "10": 0.2535480333515741
    },
    "f1": {
      "1": 0.04994870820668693,
      "3": 0.14206947621153723,
      "5": 0.22529308151354185,
      "10": 0.4019899343049158
    },
    "ndcg": {
      "1": 1.0,
      "3": 0.9975307212739771,
      "5": 0.9957942421648929,
      "10": 0.9921831149145435
    },
    "hit_rate": {
      "1": 1.0,
      "3": 1.0,
      "5": 1.0,
      "10": 1.0
    },
    "MAP": 0.89598462516799,
    "label": "Pearson Sim",
    "color": "#FF9800"
  }
}